<?xml version="1.0"?>
<doc>
    <assembly>
        <name>TopSeller.Core</name>
    </assembly>
    <members>
        <member name="T:TopSeller.Core.AOP.CacheAOP">
            <summary>
            面向切面的缓存使用
            </summary>
        </member>
        <member name="T:TopSeller.Core.AOP.ICaching">
            <summary>
            简单的缓存接口，只有查询和添加，以后会进行扩展
            </summary>
        </member>
        <member name="T:TopSeller.Core.AOP.LogAOP">
            <summary>
            拦截器BlogLogAOP 继承IInterceptor接口
            </summary>
        </member>
        <member name="M:TopSeller.Core.AOP.LogAOP.Intercept(Castle.DynamicProxy.IInvocation)">
            <summary>
            实例化IInterceptor唯一方法 
            </summary>
            <param name="invocation">包含被拦截方法的信息</param>
        </member>
        <member name="T:TopSeller.Core.AOP.MemoryCaching">
            <summary>
            实例化缓存接口ICaching
            </summary>
        </member>
        <member name="T:TopSeller.Core.AOP.RedisCacheAOP">
            <summary>
            面向切面的缓存使用
            </summary>
        </member>
        <member name="M:TopSeller.Core.AuthHelper.JwtHelper.IssueJwt(TopSeller.Core.AuthHelper.TokenModelJwt)">
            <summary>
            颁发JWT字符串
            </summary>
            <param name="tokenModel"></param>
            <returns></returns>
        </member>
        <member name="M:TopSeller.Core.AuthHelper.JwtHelper.SerializeJwt(System.String)">
            <summary>
            解析
            </summary>
            <param name="jwtStr"></param>
            <returns></returns>
        </member>
        <member name="T:TopSeller.Core.AuthHelper.TokenModelJwt">
            <summary>
            令牌
            </summary>
        </member>
        <member name="P:TopSeller.Core.AuthHelper.TokenModelJwt.Uid">
            <summary>
            Id
            </summary>
        </member>
        <member name="P:TopSeller.Core.AuthHelper.TokenModelJwt.Role">
            <summary>
            角色
            </summary>
        </member>
        <member name="P:TopSeller.Core.AuthHelper.TokenModelJwt.Work">
            <summary>
            职能
            </summary>
        </member>
        <member name="T:TopSeller.Core.AuthHelper.JwtTokenAuth">
            <summary>
            
            </summary>
        </member>
        <member name="F:TopSeller.Core.AuthHelper.JwtTokenAuth._next">
            <summary>
            
            </summary>
        </member>
        <member name="M:TopSeller.Core.AuthHelper.JwtTokenAuth.#ctor(Microsoft.AspNetCore.Http.RequestDelegate)">
            <summary>
            
            </summary>
            <param name="next"></param>
        </member>
        <member name="M:TopSeller.Core.AuthHelper.JwtTokenAuth.Invoke(Microsoft.AspNetCore.Http.HttpContext)">
            <summary>
            
            </summary>
            <param name="httpContext"></param>
            <returns></returns>
        </member>
        <member name="T:TopSeller.Core.AuthHelper.JwtToken">
            <summary>
            JWTToken生成类
            </summary>
        </member>
        <member name="M:TopSeller.Core.AuthHelper.JwtToken.BuildJwtToken(System.Security.Claims.Claim[],TopSeller.Core.AuthHelper.PermissionRequirement)">
            <summary>
            获取基于JWT的Token
            </summary>
            <param name="claims">需要在登陆的时候配置</param>
            <param name="permissionRequirement">在startup中定义的参数</param>
            <returns></returns>
        </member>
        <member name="T:TopSeller.Core.AuthHelper.PermissionHandler">
            <summary>
            权限授权处理器
            </summary>
        </member>
        <member name="P:TopSeller.Core.AuthHelper.PermissionHandler.Schemes">
            <summary>
            验证方案提供对象
            </summary>
        </member>
        <member name="P:TopSeller.Core.AuthHelper.PermissionHandler.roleModulePermissionServices">
            <summary>
            services 层注入
            </summary>
        </member>
        <member name="M:TopSeller.Core.AuthHelper.PermissionHandler.#ctor(Microsoft.AspNetCore.Authentication.IAuthenticationSchemeProvider,TopSeller.Core.IServices.IRoleModulePermissionServices)">
            <summary>
            构造函数注入
            </summary>
            <param name="schemes"></param>
            <param name="roleModulePermissionServices"></param>
        </member>
        <member name="T:TopSeller.Core.AuthHelper.PermissionItem">
            <summary>
            用户或角色或其他凭据实体,就像是订单详情一样
            之前的名字是 Permission
            </summary>
        </member>
        <member name="P:TopSeller.Core.AuthHelper.PermissionItem.Role">
            <summary>
            用户或角色或其他凭据名称
            </summary>
        </member>
        <member name="P:TopSeller.Core.AuthHelper.PermissionItem.Url">
            <summary>
            请求Url
            </summary>
        </member>
        <member name="T:TopSeller.Core.AuthHelper.PermissionRequirement">
            <summary>
            必要参数类，类似一个订单信息
            继承 IAuthorizationRequirement，用于设计自定义权限处理器PermissionHandler
            因为AuthorizationHandler 中的泛型参数 TRequirement 必须继承 IAuthorizationRequirement
            </summary>
        </member>
        <member name="P:TopSeller.Core.AuthHelper.PermissionRequirement.Permissions">
            <summary>
            用户权限集合，一个订单包含了很多详情，
            同理，一个网站的认证发行中，也有很多权限详情(这里是Role和URL的关系)
            </summary>
        </member>
        <member name="P:TopSeller.Core.AuthHelper.PermissionRequirement.DeniedAction">
            <summary>
            无权限action
            </summary>
        </member>
        <member name="P:TopSeller.Core.AuthHelper.PermissionRequirement.ClaimType">
            <summary>
            认证授权类型
            </summary>
        </member>
        <member name="P:TopSeller.Core.AuthHelper.PermissionRequirement.LoginPath">
            <summary>
            请求路径
            </summary>
        </member>
        <member name="P:TopSeller.Core.AuthHelper.PermissionRequirement.Issuer">
            <summary>
            发行人
            </summary>
        </member>
        <member name="P:TopSeller.Core.AuthHelper.PermissionRequirement.Audience">
            <summary>
            订阅人
            </summary>
        </member>
        <member name="P:TopSeller.Core.AuthHelper.PermissionRequirement.Expiration">
            <summary>
            过期时间
            </summary>
        </member>
        <member name="P:TopSeller.Core.AuthHelper.PermissionRequirement.SigningCredentials">
            <summary>
            签名验证
            </summary>
        </member>
        <member name="M:TopSeller.Core.AuthHelper.PermissionRequirement.#ctor(System.String,System.Collections.Generic.List{TopSeller.Core.AuthHelper.PermissionItem},System.String,System.String,System.String,Microsoft.IdentityModel.Tokens.SigningCredentials,System.TimeSpan)">
            <summary>
            构造
            </summary>
            <param name="deniedAction">拒约请求的url</param>
            <param name="permissions">权限集合</param>
            <param name="claimType">声明类型</param>
            <param name="issuer">发行人</param>
            <param name="audience">订阅人</param>
            <param name="signingCredentials">签名验证实体</param>
            <param name="expiration">过期时间</param>
        </member>
        <member name="T:TopSeller.Core.Filter.GlobalExceptionsFilter">
            <summary>
            全局异常错误日志
            </summary>
        </member>
        <member name="M:TopSeller.Core.Filter.GlobalExceptionsFilter.WriteLog(System.String,System.Exception)">
            <summary>
            自定义返回格式
            </summary>
            <param name="throwMsg"></param>
            <param name="ex"></param>
            <returns></returns>
        </member>
        <member name="P:TopSeller.Core.Filter.JsonErrorResponse.Message">
            <summary>
            生产环境的消息
            </summary>
        </member>
        <member name="P:TopSeller.Core.Filter.JsonErrorResponse.DevelopmentMessage">
            <summary>
            开发环境的消息
            </summary>
        </member>
        <member name="T:TopSeller.Core.Log.ILoggerHelper">
            <summary>
            日志接口
            </summary>
        </member>
        <member name="M:TopSeller.Core.Log.ILoggerHelper.Debug(System.Object,System.String)">
            <summary>
            调试信息
            </summary>
            <param name="source">source</param>
            <param name="message">message</param>
        </member>
        <member name="M:TopSeller.Core.Log.ILoggerHelper.Debug(System.Object,System.String,System.Object[])">
            <summary>
            调试信息
            </summary>
            <param name="source">source</param>
            <param name="message">message</param>
            <param name="ps">ps</param>
        </member>
        <member name="M:TopSeller.Core.Log.ILoggerHelper.Debug(System.Type,System.String)">
            <summary>
            调试信息
            </summary>
            <param name="source">source</param>
            <param name="message">message</param>
        </member>
        <member name="M:TopSeller.Core.Log.ILoggerHelper.Info(System.Object,System.Object)">
            <summary>
            关键信息
            </summary>
            <param name="source">source</param>
            <param name="message">message</param>
        </member>
        <member name="M:TopSeller.Core.Log.ILoggerHelper.Info(System.Type,System.Object)">
            <summary>
            关键信息
            </summary>
            <param name="source">source</param>
            <param name="message">message</param>
        </member>
        <member name="M:TopSeller.Core.Log.ILoggerHelper.Warn(System.Object,System.Object)">
            <summary>
            警告信息
            </summary>
            <param name="source">source</param>
            <param name="message">message</param>
        </member>
        <member name="M:TopSeller.Core.Log.ILoggerHelper.Warn(System.Type,System.Object)">
            <summary>
            警告信息
            </summary>
            <param name="source">source</param>
            <param name="message">message</param>
        </member>
        <member name="M:TopSeller.Core.Log.ILoggerHelper.Error(System.Object,System.Object)">
            <summary>
            错误信息
            </summary>
            <param name="source">source</param>
            <param name="message">message</param>
        </member>
        <member name="M:TopSeller.Core.Log.ILoggerHelper.Error(System.Type,System.Object)">
            <summary>
            错误信息
            </summary>
            <param name="source">source</param>
            <param name="message">message</param>
        </member>
        <member name="M:TopSeller.Core.Log.ILoggerHelper.Fatal(System.Object,System.Object)">
            <summary>
            失败信息
            </summary>
            <param name="source">source</param>
            <param name="message">message</param>
        </member>
        <member name="M:TopSeller.Core.Log.ILoggerHelper.Fatal(System.Type,System.Object)">
            <summary>
            失败信息
            </summary>
            <param name="source">source</param>
            <param name="message">message</param>
        </member>
        <member name="M:TopSeller.Core.Log.ILoggerHelper.Debug(System.Object,System.Object,System.Exception)">
            <summary>
            调试信息
            </summary>
            <param name="source">source</param>
            <param name="message">message</param>
            <param name="exception">ex</param>
        </member>
        <member name="M:TopSeller.Core.Log.ILoggerHelper.Debug(System.Type,System.Object,System.Exception)">
            <summary>
            调试信息
            </summary>
            <param name="source">source</param>
            <param name="message">message</param>
            <param name="exception">ex</param>
        </member>
        <member name="M:TopSeller.Core.Log.ILoggerHelper.Info(System.Object,System.Object,System.Exception)">
            <summary>
            关键信息
            </summary>
            <param name="source">source</param>
            <param name="message">message</param>
            <param name="exception">ex</param>
        </member>
        <member name="M:TopSeller.Core.Log.ILoggerHelper.Info(System.Type,System.Object,System.Exception)">
            <summary>
            关键信息
            </summary>
            <param name="source">source</param>
            <param name="message">message</param>
            <param name="exception">ex</param>
        </member>
        <member name="M:TopSeller.Core.Log.ILoggerHelper.Warn(System.Object,System.Object,System.Exception)">
            <summary>
            警告信息
            </summary>
            <param name="source">source</param>
            <param name="message">message</param>
            <param name="exception">ex</param>
        </member>
        <member name="M:TopSeller.Core.Log.ILoggerHelper.Warn(System.Type,System.Object,System.Exception)">
            <summary>
            警告信息
            </summary>
            <param name="source">source</param>
            <param name="message">message</param>
            <param name="exception">ex</param>
        </member>
        <member name="M:TopSeller.Core.Log.ILoggerHelper.Error(System.Object,System.Object,System.Exception)">
            <summary>
            错误信息
            </summary>
            <param name="source">source</param>
            <param name="message">message</param>
            <param name="exception">ex</param>
        </member>
        <member name="M:TopSeller.Core.Log.ILoggerHelper.Error(System.Type,System.Object,System.Exception)">
            <summary>
            错误信息
            </summary>
            <param name="source">source</param>
            <param name="message">message</param>
            <param name="exception">ex</param>
        </member>
        <member name="M:TopSeller.Core.Log.ILoggerHelper.Fatal(System.Object,System.Object,System.Exception)">
            <summary>
            失败信息
            </summary>
            <param name="source">source</param>
            <param name="message">message</param>
            <param name="exception">ex</param>
        </member>
        <member name="M:TopSeller.Core.Log.ILoggerHelper.Fatal(System.Type,System.Object,System.Exception)">
            <summary>
            失败信息
            </summary>
            <param name="source">source</param>
            <param name="message">message</param>
            <param name="exception">ex</param>
        </member>
        <member name="T:TopSeller.Core.Log.LogHelper">
            <summary>
            
            </summary>
        </member>
        <member name="M:TopSeller.Core.Log.LogHelper.GetLogger(System.Type)">
            <summary>
            获取记录器
            </summary>
            <param name="source">soruce</param>
            <returns></returns>
        </member>
        <member name="M:TopSeller.Core.Log.LogHelper.Debug(System.Object,System.String)">
            <summary>
            调试信息
            </summary>
            <param name="source">source</param>
            <param name="message">message</param>
        </member>
        <member name="M:TopSeller.Core.Log.LogHelper.Debug(System.Object,System.String,System.Object[])">
            <summary>
            调试信息
            </summary>
            <param name="source">source</param>
            <param name="message">message</param>
            <param name="ps">ps</param>
        </member>
        <member name="M:TopSeller.Core.Log.LogHelper.Debug(System.Type,System.String)">
            <summary>
            调试信息
            </summary>
            <param name="source">source</param>
            <param name="message">message</param>
        </member>
        <member name="M:TopSeller.Core.Log.LogHelper.Info(System.Object,System.Object)">
            <summary>
            关键信息
            </summary>
            <param name="source">source</param>
            <param name="message">message</param>
        </member>
        <member name="M:TopSeller.Core.Log.LogHelper.Info(System.Type,System.Object)">
            <summary>
            关键信息
            </summary>
            <param name="source">source</param>
            <param name="message">message</param>
        </member>
        <member name="M:TopSeller.Core.Log.LogHelper.Warn(System.Object,System.Object)">
            <summary>
            警告信息
            </summary>
            <param name="source">source</param>
            <param name="message">message</param>
        </member>
        <member name="M:TopSeller.Core.Log.LogHelper.Warn(System.Type,System.Object)">
            <summary>
            警告信息
            </summary>
            <param name="source">source</param>
            <param name="message">message</param>
        </member>
        <member name="M:TopSeller.Core.Log.LogHelper.Error(System.Object,System.Object)">
            <summary>
            错误信息
            </summary>
            <param name="source">source</param>
            <param name="message">message</param>
        </member>
        <member name="M:TopSeller.Core.Log.LogHelper.Error(System.Type,System.Object)">
            <summary>
            错误信息
            </summary>
            <param name="source">source</param>
            <param name="message">message</param>
        </member>
        <member name="M:TopSeller.Core.Log.LogHelper.Fatal(System.Object,System.Object)">
            <summary>
            失败信息
            </summary>
            <param name="source">source</param>
            <param name="message">message</param>
        </member>
        <member name="M:TopSeller.Core.Log.LogHelper.Fatal(System.Type,System.Object)">
            <summary>
            失败信息
            </summary>
            <param name="source">source</param>
            <param name="message">message</param>
        </member>
        <member name="M:TopSeller.Core.Log.LogHelper.Debug(System.Object,System.Object,System.Exception)">
            <summary>
            调试信息
            </summary>
            <param name="source">source</param>
            <param name="message">message</param>
            <param name="exception">ex</param>
        </member>
        <member name="M:TopSeller.Core.Log.LogHelper.Debug(System.Type,System.Object,System.Exception)">
            <summary>
            调试信息
            </summary>
            <param name="source">source</param>
            <param name="message">message</param>
            <param name="exception">ex</param>
        </member>
        <member name="M:TopSeller.Core.Log.LogHelper.Info(System.Object,System.Object,System.Exception)">
            <summary>
            关键信息
            </summary>
            <param name="source">source</param>
            <param name="message">message</param>
            <param name="exception">ex</param>
        </member>
        <member name="M:TopSeller.Core.Log.LogHelper.Info(System.Type,System.Object,System.Exception)">
            <summary>
            关键信息
            </summary>
            <param name="source">source</param>
            <param name="message">message</param>
            <param name="exception">ex</param>
        </member>
        <member name="M:TopSeller.Core.Log.LogHelper.Warn(System.Object,System.Object,System.Exception)">
            <summary>
            警告信息
            </summary>
            <param name="source">source</param>
            <param name="message">message</param>
            <param name="exception">ex</param>
        </member>
        <member name="M:TopSeller.Core.Log.LogHelper.Warn(System.Type,System.Object,System.Exception)">
            <summary>
            警告信息
            </summary>
            <param name="source">source</param>
            <param name="message">message</param>
            <param name="exception">ex</param>
        </member>
        <member name="M:TopSeller.Core.Log.LogHelper.Error(System.Object,System.Object,System.Exception)">
            <summary>
            错误信息
            </summary>
            <param name="source">source</param>
            <param name="message">message</param>
            <param name="exception">ex</param>
        </member>
        <member name="M:TopSeller.Core.Log.LogHelper.Error(System.Type,System.Object,System.Exception)">
            <summary>
            错误信息
            </summary>
            <param name="source">source</param>
            <param name="message">message</param>
            <param name="exception">ex</param>
        </member>
        <member name="M:TopSeller.Core.Log.LogHelper.Fatal(System.Object,System.Object,System.Exception)">
            <summary>
            失败信息
            </summary>
            <param name="source">source</param>
            <param name="message">message</param>
            <param name="exception">ex</param>
        </member>
        <member name="M:TopSeller.Core.Log.LogHelper.Fatal(System.Type,System.Object,System.Exception)">
            <summary>
            失败信息
            </summary>
            <param name="source">source</param>
            <param name="message">message</param>
            <param name="exception">ex</param>
        </member>
        <member name="P:TopSeller.Core.Startup.repository">
            <summary>
            log4net 仓储库
            </summary>
        </member>
        <member name="T:TopSeller.Core.SwaggerHelper.CustomApiVersion.ApiVersions">
            <summary>
            Api接口版本 自定义
            </summary>
        </member>
        <member name="F:TopSeller.Core.SwaggerHelper.CustomApiVersion.ApiVersions.V1">
            <summary>
            V1 版本
            </summary>
        </member>
        <member name="F:TopSeller.Core.SwaggerHelper.CustomApiVersion.ApiVersions.V2">
            <summary>
            V2 版本
            </summary>
        </member>
        <member name="T:TopSeller.Core.SwaggerHelper.CustomRouteAttribute">
            <summary>
            自定义路由 /api/{version}/[controler]/[action]
            </summary>
        </member>
        <member name="P:TopSeller.Core.SwaggerHelper.CustomRouteAttribute.GroupName">
            <summary>
            分组名称,是来实现接口 IApiDescriptionGroupNameProvider
            </summary>
        </member>
        <member name="M:TopSeller.Core.SwaggerHelper.CustomRouteAttribute.#ctor(System.String)">
            <summary>
            自定义路由构造函数，继承基类路由
            </summary>
            <param name="actionName"></param>
        </member>
        <member name="M:TopSeller.Core.SwaggerHelper.CustomRouteAttribute.#ctor(TopSeller.Core.SwaggerHelper.CustomApiVersion.ApiVersions,System.String)">
            <summary>
            自定义版本+路由构造函数，继承基类路由
            </summary>
            <param name="actionName"></param>
            <param name="version"></param>
        </member>
    </members>
</doc>
